contact_id,contact_type,name,website,owner,county,city,state,zip,address,phone,circulation,publication_days
94,1,Arnold-Imperial Leader,http://www.myleaderpaper.com,Leader Publications,Jefferson County,Festus,MO,63028,"503 N. 2nd Street, P.O. Box 159",636-937-7501,21071,Thursday
190,1,Atchison County Mail | Rockport,http://www.FarmerPublishing.com,Independently Owned Newspaper,Atchison County,Rock Port,MO,64482,"300 South Main Street, P.O. Box 40",660-744-6245,1465,Thursday
161,1,"Aurora Advertiser, The",http://www.AuroraAdvertiser.net,Independently Owned Newspaper,Lawrence County,Neosho,MO,65605,"212 E. Main St, P.O. Box 509",417-451-1520,1200,Friday
49,1,Ava Douglas County Herald,http://www.DouglasCountyHerald.com,Better Newspapers Inc.,Douglas County,Ava,MO,65608,"302 East Washington, P.O. Box 577",417-683-4181,2100,Wednesday
67,1,Barry County Advertiser,http://www.4BCAOnline.com,"Branson Tri-Lakes Newspapers, Inc owned by Lancaster Management",Barry County,Cassville,MO,65625,"904 West Street, P.O. Box 488",417-847-4475,13455,Wednesday
50,1,Belton | North Cass Herald,http://www.northcassherald.com,Independently Owned Newspaper,Cass County,Belton,MO,64033,120 North Main,816-322-2375,1000,Wednesday
51,1,Bethany Republican-Clipper,http://www.BethanyClipper.com,Independently Owned Newspaper,Harrison County,Bethany,MO,64424,"202 North 16th Street, P.O. Box 351",660-425-6325,2050,Wednesday
52,1,Bolivar Herald-Free Press,http://www.BolivarMoNews.com,Carpenter Media Group,Polk County,Bolivar,MO,65613,"335 South Springfield Avenue, P.O. Box 330",417-326-7636,3701,Wed & Fri
48,1,Boone County Journal,http://www.BoCoJo.com,Missourian Publishing Association,Boone County,Ashland,MO,65010,"201 South Henry Clay Blvd., P.O. Box 197",573-657-2334,800,Wednesday
53,1,Boonville News,http://www.BoonvilleDailyNews.com,CherryRoad Media,Cooper County,Boonvile,MO,65233,"302 First Street, Suite B",660-774-4183,1000,Friday
113,1,Branson Tri-Lakes News,http://www.BransonTriLakesNews.com,"Branson Tri-Lakes Newspapers, Inc owned by Lancaster Management","Stone County, Taney County",Hollister,MO,65672,"200 Industrial Park Dr. , P.O. Box 1900",417-334-3161,7302,Wednesday & Saturday
441,2,Brian Rice,,Ownership information not listed,,Excelsior Springs,MO,64024,400 Birch St,,,
57,1,Buffalo Reflex,http://www.BuffaloReflex.com,Carpenter Media Group,Dallas County,Buffalo,MO,65622,"114 East Lincoln St., P.O. Box 770",417-345-2224,3163,Wednesday
105,1,Caldwell County News,http://www.MyCaldwellCounty.com,Independently Owned Newspaper,Caldwell County,Hamilton,MO,64644,"101 South Davis, P.O. Box 218",816-583-2116,1000,Tuesday
58,1,California Democrat,http://www.CaliforniaDemocrat.com,Independently Owned Newspaper,Moniteau County,California,MO,65018,", P.O. Box 126",573-796-2135,1500,Wednesday
212,1,"Call Publications | St. Louis (Green Park, Concord, Oakville, SunCrest and Mail Call)",http://www.CallNewspapers.com,Independently Owned Newspaper,St Louis County,St. Louis,MO,63123,9977 Lin-Ferry Drive,314-843-0102,55000,Thursday
60,1,Camdenton Reporter,http://www.TheCCReporter.com,Independently Owned Newspaper,Camden County,Camdenton,MO,65020,P.O. Box 1265,573-346-5222,620,Wednesday
61,1,Cameron Citizen-Observer,http://www.MyCameronNews.com,Independently Owned Newspaper,Clinton County,Cameron,MO,64429,"403 East Evergreen Hwy. BB, P.O. Box 498",816-632-6543,2100,Thursday
63,1,Cape Girardeau Southeast Missourian,http://www.SEMissourian.com,Rust Communications,Cape Girardeau County,Cape Girardeau,MO,63702,"301 Broadway, P.O. Box 699",573-335-6611,"Daily: 5,480 Saturday: 7,400","Sat, Tue, Thu"
65,1,Carrollton Democrat,http://www.MainStreetNewsGroup.com/thecarrolltondemocrat,CherryRoad Media,Carroll County,Carrollton,MO,64633,"102 East Benton Street, P.O. Box 69",660-542-0881,1302,Wednesday
68,1,Cassville Democrat,http://www.cassville-democrat.com,Independently Owned Newspaper,Barry County,Cassville,MO,65625,"P.O. Box 486, 600 Main St.",417-847-2610,1000,Wednesday
69,1,Centralia Fireside Guard,http://www.FiresideGuard.com,CherryRoad Media,Boone County,Centralia,MO,65240,"123 Noth Allen Street, P.O. Box 7",573-682-2133,1230,Wednesday
9,1,Chariton Marquee,https://www.facebook.com/TheCharitonMarquee,Independently Owned Newspaper,Chariton County,Salisbury,MO,65281-1002,110 E 2nd St. #A,(660) 833-5509,750,weekly on Thursday
82,1,Charleston Enterprise-Courier,http://www.EnterpriseCourier.com,Independently Owned Newspaper,Mississippi County,East Prairie,MO,63845,101 East Main Street,573-649-9500,732,Tuesday
72,1,Chillicothe Constitution-Tribune,http://www.ChillicotheNews.com,CherryRoad Media,Livingston County,Chillicothe,MO,64601,"818 Washington Street, P.O. Box 707",660-646-2411,1605,"Wed, Fri pm"
74,1,Columbia Daily Tribune,http://www.ColumbiaTribune.com,Gannett,Boone County,,,,,888-348-3315,2579,Daily
75,1,Columbia Missourian,http://www.ColumbiaMissourian.com,Missourian Publishing Association,Boone County,Columbia,MO,65205,"221 South 8th Street, P.O. Box 917",573-882-5714,4714,Tue-Wed-Thu-Fri-Sun am
76,1,Concordia Concordian,,Independently Owned Newspaper,Lafayette County,Concordia,MO,64020,"607 South Main Street Ste. B, P.O. Box 658",660-463-7522,980,Wednesday
141,1,"Courier-Tribune | Liberty, Kearney, Gladstone",http://MyCourierTribune.com,CherryRoad Media,Clay County,Liberty,MO,64068,138 N. Main St.,816-781-4941,2900,Thursday
77,1,Crane Chronicle/Stone County Republican,http://www.CC-SCRNews.com,"Branson Tri-Lakes Newspapers, Inc owned by Lancaster Management",Stone County,Crane,MO,65633,"114 Main Street, P.O. Box 401",417-723-5248,1100,Thursday
78,1,Cuba Free Press,http://www.ThreeRiversPublishing.com,"Warden Publishing Co., Inc.",Crawford County,Belle,MO,65013,"1110 Hwy. 28, Unit B",(573) 859-3323,2333,Thursday
131,1,Delta Dunklin Democrat,http://www.DDDNews.com,Rust Communications,Dunklin County,Kennett,MO,63857,"203 First Street, P.O. Box 669",573-888-4505,1000,"Tuesday, Thursday, Saturday"
79,1,Dexter Statesman,http://www.DailyStatesman.com,Ownership information not listed,Stoddard County,Dexter,MO,63841,"133 South Walnut Street, P.O. Box 579",573-624-4545,3000,Wednesday
80,1,Dixon Pilot,http://www.DixonPilot.com,Independently Owned Newspaper,Pulaski County,,,,,573-759-2127,1800,Wednesday
81,1,Doniphan Prospect-News,,Rust Communications,Ripley County,Doniphan,MO,63935,"110 Washington Street, P.O. Box 367",573-996-2103,2800,Wednesday
83,1,East Prairie Eagle,http://www.EnterpriseCourier.com,Independently Owned Newspaper,Mississippi County,East Prairie,MO,63845,101 East Main Street,573-649-9500,1247,Tuesday
84,1,Edina Sentinel,http://www.EdinaSentinel.com,Independently Owned Newspaper,Knox County,Edina,MO,63537,"207 North Main, P.O. Box 270",660-397-2226,1400,Wednesday
85,1,El Dorado Springs Star,,Independently Owned Newspaper,Cedar County,El Dorado Springs,MO,64744,"105 South Main Street, P.O. Box 269",417-876-2500,1000,Thursday
86,1,El Dorado Springs Sun,http://www.ElDoradoSpringsMo.com,Independently Owned Newspaper,Cedar County,El Dorado Springs,MO,64744,"125 North Main Street, P.O. Box 71",417-876-3841,2000,Thursday
87,1,Eldon Advertiser,http://www.EldonAdvertiser.com,"Vernon Publishing, Inc.",Miller County,Eldon,MO,65026,"415 South Maple Street, P.O. Box 315",573-392-5658,3400,Thursday
89,1,Elsberry Democrat,http://www.ElsberryDemocrat.com,CherryRoad Media,Lincoln County,Troy,MO,63379,280 Magee St. ,(636) 528-9550,172,Wednesday
90,1,Eminence Shannon County Current Wave,http://www.CurrentWave.news,Independently Owned Newspaper,Shannon County,Eminence,MO,65466,"102 Plum Street, P.O. Box 728",573-226-5229,860,Wednesday
95,1,Eureka Leader,http://www.myleaderpaper.com,Leader Publications,Jefferson County,Festus,MO,63028,"503 North 2nd Street, P.O. Box 159",636-937-7501,11591,Thursday
427,5,Excelsior Springs Citizen,https://excelsiorcitizen.com,Ownership information not listed,,Excelsior Springs,MO,64024,518 Elms Blvd.,(816) 808-7132,3471,Daily
92,1,Fayette Advertiser,http://www.FayetteNewspapers.com,Independently Owned Newspaper,Howard County,Fayette,MO,65248,P.O. Box 32,660-248-2235,1200,Wednesday
165,1,Focus on Oak Grove,http://www.TheOdessan.net,Independently Owned Newspaper,Jackson County,Oak Grove,MO,64075,103 Southeast 12th Street,816-690-7218,1000,Thursday
98,1,Fredericktown Democrat-News,http://www.DailyJournalOnline.com/democrat-news,Paxton Media Group,Madison County,Park Hills,MO,63601,P.O. Box 9,573-783-3366,1000,Wednesday
99,1,Fulton Sun,http://www.FultonSun.com,Independently Owned Newspaper,Callaway County,Fulton,MO,65251,115 East 5th Street,(573) 826-2419,1200,Saturday
100,1,Gainesville Ozark County Times,http://www.OzarkCountyTimes.com,Independently Owned Newspaper,Ozark County,Gainesville,MO,65655,"504 Third Street, P.O. Box 188",417-679-4641,2800,Wednesday
101,1,Glasgow Missourian,http://www.MainStreetMedia.us,Independently Owned Newspaper,Howard County,Glasgow,MO,65254,109 Market Street,660-338-2195,793,Friday
160,1,Greene County Commonwealth,http://www.GreenCountyCommonWealth.com,Independently Owned Newspaper,Greene County,Mt. Vernon,MO,65738,"312 South Hickory Street, P.O. Box 348",417-466-2185,1900,Wednesday
103,1,Greenfield Vedette,http://www.GreenfieldVedette.com,Independently Owned Newspaper,Dade County,Greenfield,MO,65661,"7 North Main, P.O. Box 216",(417) 637-2712,1145,Thursday
104,1,Hale Horizions,,Independently Owned Newspaper,Carroll County,Hale,MO,64643,"29236 Highway J, P.O.Box 36",660-565-2555,692,Wednesday
188,1,Hannibal Courier-Post,http://www.Hannibal.net,Carpenter Media Group,Marion County,Quincy,IL,62301,"130 St. 5th St., P.O. Box A",573-221-2800,5383,Tue-Sat am
422,2,Heather Herman,,Ownership information not listed,,,,,,,,
107,1,Hermann Advertiser-Courier,http://www.HermannAdvertiserCourier.com,CherryRoad Media,Gasconade County,Hermann,MO,65041,"136 East 4th Street, P.O. Box 350",573-486-5418,2100,Wednesday
108,1,Hermitage Index,http://www.HermitageIndex.com,"Vernon Publishing, Inc.",Hickory County,Hermitage,MO,65668,"109 W. Polk Street, P.O. Box 127",417-745-6404,2200,Wednesday
109,1,Higginsville Advance,,Cooperative or Chamber Operated,Lafayette County,Higginsville,MO,64037,"1002 Highway 13, P.O. Box 422",660-584-3611,1315,Wednesday
110,1,Hillsboro Jefferson County Countian,http://www.MLMcounnties.com,BridgeTower Media,Jefferson County,Hillsboro,MO,63050,638 1st Street,636-789-5853,155,Friday
112,1,Holden Image,http://www.HIPaperclips.com,Independently Owned Newspaper,Johnson County,Holden,MO,64040,117 East Second Street,816-732-5552,1150,Thursday
114,1,Houston Herald,http://www.HoustonHerald.com,Independently Owned Newspaper,Texas County,Houston,MO,65483,"113 North Grand Avenue, P.O. Box 170",417-967-2000,4000,Thursday
116,1,Independence Examiner,http://www.Examiner.net,CherryRoad Media,Jackson County,Independence,MO,64055,12012 E. 40 Hwy,(816) 648-1611,6750,Tue-Sat am
446,1,Independent Courier | Clarence,https://www.theindependentcourier.com/,Independently Owned Newspaper,Shelby County,,,,,,200,Thursday
117,1,Ironton Mountain Echo,http://www.myironcountynews.com,Paxton Media Group,Iron County,Park Hills,MO,63601,P.O. Box 9,573-546-3917,1070,Wednesday
20,2,Isabelle Bryson,,Ownership information not listed,,Jefferson City,MO,65102,P.O. Box 899,573-751-3321,,
118,1,Jackson Cash-Book Journal,http://www.thecash-book.com,Independently Owned Newspaper,Cape Girardeau County,Jackson,MO,63755,"210 West Main, P.O. Box 369",583-243-3515,6500,Wednesday
119,1,Jamesport Tri-County Weekly,http://www.JamesportTriCountyWeekly.com,Independently Owned Newspaper,Daviess County,Jamesport,MO,64648,"103 South Broadway, P.O. Box 137",660-684-6515,1450,Thursday
194,1,Jasper County Citizen and Carthage Chronicle,,Independently Owned Newspaper,Jasper County,Sarcoxie,MO,64862,"101 North 6th Street, P.O. Box 400",417-548-3311,1400,Wednesday
120,1,Jefferson City News Tribune,http://www.NewsTribune.com,Independently Owned Newspaper,Cole County,Jefferson City,MO,65101,"326 E. Capitol Ave., P.O. Box 420",573-636-3131,"Daily: 8,920 Sunday: 10,497",Daily am
96,1,Jefferson County Leader (Leader Publications),http://www.myleaderpaper.com,Leader Publications,"Jefferson County, St Louis County",Festus,MO,63028,"503 North 2nd Street, P.0. Box 159",636-937-7501,17846,Thursday
111,1,Jefferson County Reporter,,"Pulse Newspaper Publishing, Inc.",Jefferson County,Hillsboro,MO,63050,"473 Maple Street, P. O. Box 564",816-221-2552,236,Friday
5,2,Jim McCarty,,Ownership information not listed,,Jefferson City,MO,65102,"P.O. Box 1645, 2722 East McCarty Street",573-635-6857,,
36,2,Joel Rhodes,,Ownership information not listed,,Columbia,MO,65201,605 Elm St.,573-882-7083,,
122,1,Joplin Globe,http://www.JoplinGlobe.com,CNHI,Jasper County,Joplin,MO,64804,"2613 S Main St., Ste. D",417-623-3480,"Daily: 8,500 Sunday: 10,000",Daily am
123,1,Kahoka Hometown Journal,http://www.HTJournal.net,Independently Owned Newspaper,Clark County,Kahoka,MO,63445,258 West Main Street,660-727-3383,1400,Tuesday
124,1,Kahoka Media,http://www.KahokaMedia.com,"NEMO News Media Group, LLC",Clark County,Kahoka,MO,63445,"178 West Main Street, P.O. Box 230",660-727-3395,1400,Wednesday
244,5,Kansas City Beacon (Online Member),http://www.thebeaconnews.org,Ownership information not listed,Jackson County,Kansas City,MO,64111,300 East 39th Street,(816) 514-6071,,Daily
126,1,Kansas City Daily Record,http://www.MLMcounnties.com,BridgeTower Media,Jackson County,Kansas City,MO,64108,2300 Main St #900,816-931-2002,100,Daily
127,1,Kansas City Globe,http://www.TheKansasCityGlobe.com,Independently Owned Newspaper,Jackson County,Kansas City,MO,64109,615 E 29th,816-531-5253,10000,Thursday
128,1,Kansas City Northeast News,http://www.NortheastNews.net,Cooperative or Chamber Operated,Jackson County,Kansas City,MO,64124,2659 Independence Blvd.,816-241-0765,5000,Wednesday
130,1,Kansas City Pulse Legal Publication,http://www.PulseLegal.com,"Pulse Newspaper Publishing, Inc.",Jackson County,Kansas City,MO,64109,501 East Armour Boulevard,816-221-2552,390,Daily
129,1,Kansas City Star,http://www.KansasCity.com,McClatchy Publishing Company,Jackson County,Kansas City,MO,64108,"2405 Grand, Suite 410",816-234-4636,"13,000",Daily am
32,2,Kevin Sees,,Ownership information not listed,,Willow Springs,MO,63793,1396 S. Highway 137,(573) 880-7021,,
132,1,King City | Tri-County Ledger,https://www.facebook.com,Independently Owned Newspaper,"Andrew County, DeKalb County, Gentry County",King City,MO,64463,"110 East Vermont Street, P.O. Box 498",660-535-4313,1260,Friday
133,1,Kirksville Daily Express,http://www.KirksvilleDailyExpress.com,Carpenter Media Group,Adair County,Kirksville,MO,63501,"705 E. LaHarpe Street, Ste. F, P.O Box 809",660-665-2808,750,Wednesday
30,2,Kyle Carter,,Ownership information not listed,,Poplar Bluff,MO,63901,419 Proctor Dr.,(573) 931-3369,,
137,1,Laclede County Record,http://www.LacledeRecord.com,Independently Owned Newspaper,Laclede County,Lebanon,MO,65536,"100 East Commercial, P.O. Box 192",417-532-9131,3858,Wednesday & Saturday
59,1,"Lake Sun | Osage Beach, Lake Ozark, Camdenton",http://www.LakeNewsOnline.com,"Vernon Publishing, Inc.",Camden County,Osage Beach,MO,65065,"4075 Osage Beach Parkway, Suite 100",573-346-2132,3000,Wednesday & Friday
169,5,LakeExpo.com (Online Member),http://www.LakeExpo.com,Ownership information not listed,Camden County,Osage Beach,MO,65049,"2820 Bagnell Dm Blvd. Suite B5, P.O. Box 1805",573-693-1990,,Daily
134,1,Lamar Democrat,http://www.LamarDemocrat.com,Reaves & Williams Publishing Group,Barton County,Lamar,MO,64759,"100 East 11th St., P.O. Box 12",417-417-6397,880,Wednesday
136,1,Lawson Review,http://www.Facebook.com/LawsonReview1979,Independently Owned Newspaper,"Clay County, Ray County",Lawson,MO,64062,"405 N. Pennsylvania Ave., P.O. Box 125",(816) 296-3412,2100,Wednesday
139,1,Lexington News,http://www.MainStreetMedia.us,Cooperative or Chamber Operated,Lafayette County,Lexington,MO,64067,"1009 Franklin Avenue, P.O. Box 279",660-259-2266,987,Wednesday
142,1,Licking News,http://www.TheLickingNews.com,Carpenter Media Group,"Dent County, Phelps County, Texas County",Licking,MO,65542,"115 South Main Street, P.O. Box 297",573-674-2412,805,Thursday
143,1,Linn | Unterrified Democrat,http://www.UnterrifiedDemocrat.com,"Warden Publishing Co., Inc.",Osage County,Linn,MO,65051,"300 East Main Street, P.O. Box 109",573-897-3150,2841,Wednesday
71,1,Linn County Leader | Brookfield,http://www.LinnCountyLeader.com,CherryRoad Media,Linn County,Chillicothe,MO,64501,"430 Washington St., P.O. Box 707",660-241-4140,1625,"Tue, Thu, Sat."
24,3,Liz Fleenor,,Ownership information not listed,,MO 65101,MO,65101,"113 Madison St. , Jefferson City",,,
246,2,Lt. Eric Brown,,Ownership information not listed,,Jefferson City,MO,65102,P.O. Box 568,(573) 526-6115,,
144,1,Macon County Home Press,http://www.MaconHomePress.com,Independently Owned Newspaper,Macon County,Macon,MO,63552,P.O. Box 303,660-346-7046,1200,Wednesday
64,1,Marble Hill Banner Press,http://www.TheBannerPress.com,Rust Communications,Bollinger County,Cape Girardeau,MO,63702,", P.O. Box 699",800-879-1210,1200,Wednesday
2,1,Maries County Advocate,http://www.MariesCountyAdvocate.com,"Warden Publishing Co., Inc.",Maries County,Owensville,MO,65066,P.O. Box 540,(573) 437-2323,1615,Wednesday
145,1,Marshall Democrat-News,http://www.MarshallNews.com,CherryRoad Media,Saline County,Marshall,MO,65340,28 N. Jefferson Ave.,660-886-2233,1100,Wed & Fri
146,1,Marshfield Mail,http://www.MarshfieldMail.com,Carpenter Media Group,Webster County,Marshfield,MO,65706,"225 North Clay, P.O. Box A",417-468-2013,3444,Wednesday
443,6,Martin City Telegraph,https://martincitytelegraph.com,Ownership information not listed,Jackson County,Kansas City,MO,64145,13610 Washington Ave.,(816) 492-7229,"15,000",Bi-Weekly
147,1,Maryville Forum,http://www.MaryvilleForum.com,Independently Owned Newspaper,"Holt County, Nodaway County, Worth County",Maryville,MO,64468,"111 East Jenkins, P.O. Box 188",660-562-2424,1673,Thursday
149,1,Maysville | DeKalb Co. Record-Herald,,Independently Owned Newspaper,DeKalb County,Maysville,MO,64469,"508 South Polk Street, P.O. Box 98",816-449-2121,1300,Thursday
150,1,Memphis Democrat,http://www.MemphisDemocrat.com,"NEMO News Media Group, LLC",Scotland County,Kahoka,MO,63445,PO Box 230,660-465-7016,1200,Thursday
151,1,Mexico Ledger,http://www.MexicoLedger.com,Westplex Media Group,"Audrain County, Callaway County",Mexico,MO,65265,P.O. Box 8,573-581-1111,1900,Wednesday
152,1,Milan Standard,http://www.TheMilanStandard.com,"NEMO News Media Group, LLC",Sullivan County,Milan,MO,63556,"105 South Market Street, P.O. Box 276",660-265-4244,1500,Thursday
256,3,Missouri Bar,,Ownership information not listed,Cole County,Jefferson City,MO,65102,P.O. Box 119,573-668-2251,,
252,3,Missouri Hospital Association,https://www.mohospitals.org,Ownership information not listed,Cole County,Jefferson City,MO,65109-4541,4712 Country Club Dr.,573-893-3700,,
121,5,Missouri Independent (Online Member),http://www.MissouriIndependent.com,Ownership information not listed,Cole County,Jefferson City,MO,65101,", P.O. Box 2255",573-340-5153,,Daily
444,6,Missouri Life,https://missourilife.com/,Ownership information not listed,Boone County,Rocheport,MO,65279,208 Columbia Street,(573) 514-5453,"24,000",9 Times a Year
253,3,MO Chamber of Commerce,,Ownership information not listed,,Jefferson City,MO,65101,428 Capitol Ave.,573-634-3511,,
154,1,Moberly Monitor-Index,http://www.MoberlyMonitor.com,CherryRoad Media,Randolph County,,,,,660-263-4123,1200,Wed & Sat
176,1,Monroe | Ralls,http://www.MonroeCountyAppeal.com,Reaves & Williams Publishing Group,Ralls County,Paris,MO,65275,"221 North Main Street, P.O. Box 207",660-327-4192,1200,Thursday
155,1,Monroe City Lake Gazette,http://www.LakeGazette.net,CherryRoad Media,Monroe County,Monroe City,MO,63456,P.O. Box 187,573-735-3300,1300,Wednesday
156,1,Montgomery Standard,http://www.MyStandardNews.com,Westplex Media Group,Montgomery County,Montgomery City,MO,63361,P.O. Box 190,573-564-2339,2200,Wednesday
235,1,Morgan County Statesman,http://www.morgancountystatesman.com,Independently Owned Newspaper,Morgan County,Versailles,MO,65084,615 W. Newton,573-378-5441,2850,Thursday
157,1,Mound City News,http://www.MoundCityNews.com,Independently Owned Newspaper,Holt County,Mound City,MO,64470-0175,"18121 Hwy. 59, P.O. Box 175",660-442-5423,2200,Thursday
158,1,Mt. Vernon Lawrence Co. Record,http://www.LawrenceCountyRecord.com,Independently Owned Newspaper,Lawrence County,Mount Vernon,MO,65712,"312 South Hickory Street, P.O. Box 348",417-466-2185,3400,Wednesday
162,1,Neosho Daily News,http://www.NeoshoDailyNews.com,Independently Owned Newspaper,Newton County,Neosho,MO,64850,212 E. Main St.,417-451-1520,1800,"Tues, Fri"
164,1,Nevada Daily Mail,http://www.NevadaDailyMail.com,Rust Communications,Vernon County,Nevada,MO,64772,"131 South Cedar Street, P.O. Box 247",417-667-3344,2100,Tue-Wed-Fri-Sat
201,7,New Madrid Weekly Record,http://www.Standard-Democrat.com,Ownership information not listed,New Madrid County,Sikeston,MO,63801,205 South New Madrid,573-471-1137,,
166,1,Odessa Odessan,http://www.TheOdessan.net,Independently Owned Newspaper,Lafayette County,Odessa,MO,64076,212 Mason Street,816-230-5311,2200,Thursday
171,1,Osceola | St. Clair County Courier & Appleton City Journal,https://www.vernonpublishing.com/,"Vernon Publishing, Inc.",St Clair County,Osceola,MO,64776,"285 Pine Street, P.O. Box 580",417-646-2211,882,Wednesday
245,1,Owensville Gasconade Co. Republican,http://www.GasconadeCountyRepublican.com,"Warden Publishing Co., Inc.",Gasconade County,Owensville,MO,65066,"106 East Washington Ave, P.O. Box 540",(573) 437-2323,2762,Wednesday
173,1,Ozark Christian County Headliner-News,http://www.CCHeadliner.com,Carpenter Media Group,Christian County,Ozark,MO,65721,P.O. Box 490,417-581-3541,2442,Wednesday
174,1,Palmyra Spectator,http://www.Palmyra-Spectator.com,"NEMO News Media Group, LLC",Marion County,Kahoka,MO,63445-0230,P.O. Box 230,573-769-3111,1500,Wednesday
177,1,Park Hills Daily Journal,http://www.DailyJournalOnline.com,Paxton Media Group,St Francois County,Park Hills,MO,63601,P.O. Box 9,573-431-2010,1500,Tuesday - Saturday
66,1,Pemiscot Press,http://www.PemiscotPress.com,Rust Communications,Pemiscot County,Blytheville,AR,72316,P.O. Box 1108,573-333-4336,682,Wednesday
178,1,Perryville | MidAmerica Farmer Grower,http://www.MAFG.net,NWA Media,Perry County,Perryville,MO,63775,"19 North Main Street, P.O. Box 323",573-547-2244,8322,Friday
179,1,Perryville Republic-Monitor,http://www.RepublicMonitor.com,Independently Owned Newspaper,Perry County,Perryville,MO,63775,11 W St. Joseph St.,573-547-4567,3500,Thursday
191,1,Phelps County Focus,http://www.PhelpsCountyFocus.com,Carpenter Media Group,Phelps County,Rolla,MO,65401,"101 West 7th Street, P.O. Box 1128",573-426-3700,4000,Thursday
180,1,Piedmont Wayne Co. Journal-Banner,http://www.waynecojournalbanner.com,Ownership information not listed,Wayne County,Piedmont,MO,63957,"121 North Main, P.O. Box 97",573-223-7122,2600,Wednesday
54,1,Pike County News | Bowling Green & Louisiana,http://www.pikecountynews.com,CherryRoad Media,Pike County,,,,,573-324-2222,1020,Wednesday
181,1,Pineville | McDonald County Press,http://www.mdcp.nwaonline.com,NWA Media,McDonald County,Pineville,MO,64856,"212 Northeast Avenue, P.O. Box 266",(479) 855-3724,3300,Thursday
182,1,Platte City Platte County Citizen,http://www.PlatteCountyCitizen.com,Independently Owned Newspaper,Platte County,Platte City,MO,64079,"303 Marshall Road Ste. 1A, P.O. Box 888",816-858-5154,2950,Wednesday
183,1,Platte County Landmark,http://www.PlatteCountyLandmark.com,Independently Owned Newspaper,Platte County,Platte City,MO,64079,"212 Marshall Road, Suite C, P.O. Box 410",816-858-0363,3300,Wednesday
184,1,Plattsburg Clinton County Leader,http://www.ClintonCountyLeader.com,Independently Owned Newspaper,Clinton County,Plattsburg,MO,64477,102 East Maple Street,816-539-2111,2000,Tuesday
185,1,Poplar Bluff Daily American Republic,http://www.DARNews.com,Rust Communications,Butler County,Poplar Bluff,MO,63902,"208 Poplar Street, P.O. Box 7",573-785-1414,6900,Tues. – Saturday
186,1,Potosi Independent Journal,http://www.TheIJNews.com,Independently Owned Newspaper,Washington County,Potosi,MO,63664,119 East High Street,573-438-5141,4376,Thursday
62,1,Press-News Journal | Canton & LaGrange,http://www.LewisPNJ.com,Reaves & Williams Publishing Group,Lewis County,LaGrange,MO,63448,109 North Fourth Street,573-288-5668,1083,Thursday
187,1,Princeton Post-Telegraph,https://northmissouriannews.com/,Independently Owned Newspaper,Mercer County,Princeton,MO,64673,"704 Main Street, P.O. Box 286",660-748-3266,1000,Thursday
255,3,"Really Big Coloring Books, Inc.",,Ownership information not listed,,St. Louis,MO,63132,,(314) 695-5757,,
88,1,Reynolds County Courier | Ellington,http://www.ReynoldsCountyCourier.com,Paxton Media Group,Reynolds County,Park Hills,MO,63601,P.O. Box 9,573-223-7122,1070,Wednesday
172,1,Rich Hill Mining Review,https://www.vernonpublishing.com/,Independently Owned Newspaper,Bates County,Osceola,MO,64779,P.O. Box 580,417-646-2211,349,Friday
189,1,Richmond News,http://www.Richmond-DailyNews.com,Independently Owned Newspaper,Ray County,Richmond,MO,64085,"204 West North Main, P.O. Box 128",816-776-5454,1000,Friday
208,1,Saint James Press,http://www.ThreeRiversPublishing.com,Ownership information not listed,Phelps County,Belle,MO,65013,"1110 Hwy. 28 , Unit B",(573) 859-3323,1391,Thursday
192,1,Salem News,http://www.TheSalemNewsOnline.com,Carpenter Media Group,Dent County,Salem,MO,65560,"500 North Washington, P.O. Box 1128",573-729-4126,2500,Tuesday
438,4,Sandy Nelson,,Ownership information not listed,,,,,,(816) 616-4301,,
428,2,Sara Schafer,https://www.facebook.com/RuralMissouri/,Ownership information not listed,,Jefferson City,MO,65101,"Rural Missouri Magazine , 2722 E. McCarty St.",(660) 537-0587,,
195,1,Sarcoxie Record,,Independently Owned Newspaper,Jasper County,Sarcoxie,MO,64862,"101 North 6th Street, P.O. Box 400",417-548-3311,875,Wednesday
196,1,Savannah Reporter,http://www.savrep.com,CherryRoad Media,Andrew County,Savannah,MO,64485,"427 West Main Street, P.O. Box 299",816-324-3149,3500,Thursday
135,1,Schuyler County Times,http://www.SchuylerCountyTimes.com,"NEMO News Media Group, LLC",Schuyler County,Kahoka,MO,63445,PO Box 230,660-457-8555,600,Thursday
10,2,Scott Charton,,Ownership information not listed,,Columbia,MO,65203,5808 South Bethel Church Road,573-864-9672,,
197,1,Sedalia Democrat,http://www.SedaliaDemocrat.com,Carpenter Media Group,Pettis County,Sedalia,MO,65301,111 W. Fourth Street,660-826-1000,3000,Tues-Sat
198,1,Seymour Webster County Citizen,http://www.WebsterCountyCitizen.com,Independently Owned Newspaper,Webster County,Seymour,MO,65746,"221 South Commercial St., P.O. Box 190",417-935-2257,1179,Wednesday
199,1,Shelbyville | Shelby County Herald,http://www.NEMoNews.net,"NEMO News Media Group, LLC",Shelby County,Shelbyville,MO,63469,"109 East Main Street, P.O. Box 225",573-633-2261,1200,Wednesday
200,1,Sheridan Express,http://SheridanExpress.Blogspot.com,Independently Owned Newspaper,Worth County,Sheridan,MO,64486,205 North 4th #8,660-254-2161,461,Wednesday
202,1,Sikeston Standard-Democrat,http://www.Standard-Democrat.com,Rust Communications,"New Madrid County, Scott County",Sikeston,MO,63801,205 South New Madrid,573-471-1137,3000,Sun-Wed-Fri
203,1,Slater Main Street News,http://www.SlaterMainStreetNews.com,Independently Owned Newspaper,Saline County,Slater,MO,65349,222 Main Street,660-529-2249,1200,Thursday
33,3,Socket,,Ownership information not listed,,Columbia,MO,65202,2703 Clark Lane,573-817-0000,,
204,1,Springfield Business Journal,http://www.SBJ.net,Independently Owned Newspaper,Greene County,Springfeild,MO,65801,PO Box 1,417-831-3238,8403,Monday
35,5,Springfield Daily Citizen,https://sgfcitizen.org/,Ownership information not listed,Greene County,Springfield,MO,65897,901 S. National Ave.,417-837-3666,online,online
205,1,Springfield Daily Events,http://www.TheDailyEvents.com,Independently Owned Newspaper,Greene County,Springfeild,MO,65806,"310 West Walnut Street, P.O. Box 1",(417) 340-3232,266,Daily
206,1,Springfield News Leader,http://www.News-Leader.com,Gannett,Greene County,Springfield,MO,65806,"901 E St. Louis St, Suite 1100",417-836-1170,7549,Sun-Fri
221,1,St. Charles County Business Record,http://www.MLMcounnties.com,BridgeTower Media,St Charles County,St. Peters,MO,63303,"1660 Heritage Landing, Ste. 209",636-949-6928,62,Daily
207,1,St. Charles County Journal,,"Pulse Newspaper Publishing, Inc.",St Charles County,St. Charles,MO,63301-3402,"300 S. 2nd Street, Ste. A",816-221-2552,247,Daily
209,1,St. Joseph News-Press,http://www.NewsPressNow.com,News-Press Gazette Company,Buchanan County,St. Joseph,MO,64502,"825 Edmond Street, P.O. Box 29",816-271-8500,7000,Friday
167,1,St. Louis | Community News,http://www.MyCNews.com,CherryRoad Media,St Louis County,Troy,MO,63379,280 Magee Street,636-379-1775,10000,Wednesday
220,1,St. Louis | Webster - Kirkwood Times,,Independently Owned Newspaper,St Louis County,St. Louis,MO,63119,"122 West Lockwood Ave., 2nd Floor",314-968-2699,"35,800",Friday
210,1,St. Louis American,https://www.stlamerican.com/,Independently Owned Newspaper,"St Charles County, St Louis County",St. Louis,MO,63103,"The St. Louis American, 2315 Pine Street",314-533-8000,"42,500",Thursday
213,1,St. Louis City Monitor,,"Pulse Newspaper Publishing, Inc.","St Louis city, St Louis County",St. Louis,MO,63118-1019,"3115 S. Grand Blvd. , Ste. 600D",816-221-2552,305,Daily
93,1,St. Louis Countian,http://www.MLMcounnties.com,BridgeTower Media,St Louis County,Fenton,MO,63026,"1400 South Highway Drive, Suite 103",314-727-6111,114,Daily
215,1,St. Louis County Ledger,,"Pulse Newspaper Publishing, Inc.","St Louis city, St Louis County",St. Louis,MO,63105,"7730 Carondelet, Ste. 101",816-221-2552,418,Daily
216,1,St. Louis Daily Record,http://www.MLMcounnties.com,BridgeTower Media,St Louis County,St. Louis,MO,63099,"100 South 4th Street, Ste. 514",314-558-3257,172,Daily
217,1,St. Louis Labor Tribune,http://www.LaborTribune.com,Independently Owned Newspaper,St Louis County,St. Louis,MO,63103,301 S. Ewing Ave.,(314) 535-9660,49325,Thursday
218,1,St. Louis Missouri Lawyers Weekly,http://www.molawyersmedia.com,BridgeTower Media,St Louis County,St. Louis,MO,63026,"1400 South Highway Drive, Suite 103",314-558-3257,1731,2nd Wed of each month
219,1,St. Louis Post-Dispatch,http://www.stltoday.com,Lee Enterprises,St Louis County,St. Louis,MO,63101,901 N. 10th St.,314-340-8549,116300,Daily
222,1,Ste. Genevieve Herald,http://www.SteGenHerald.com,Ownership information not listed,Ste Genevieve County,Ste. Genevieve,MO,63670,"374 Market St. Apt. 2B, Apt. 2B",573-883-2222,2100,Wednesday
223,1,Steelville Star-Crawford Mirror,http://www.ThreeRiversPublishing.com,"Warden Publishing Co., Inc.",Crawford County,Belle,MO,65013,"1110 Hwy. 28, Unit B",(573) 859-3323,1591,Thursday
25,2,Steve Ahrens,,Ownership information not listed,,,,,,573-893-7655,,
224,1,Stockton Cedar County Republican,http://www.CedarRepublican.com,Carpenter Media Group,Cedar County,Stockton,MO,65785,"No. 26 Public Square, P.O. Box 1018",417-276-4211,1906,Wednesday
225,1,Sullivan Independent News,http://www.MySullivanNews.com,Independently Owned Newspaper,Franklin County,Sullivan,MO,63080,"411 Scottsdale Dr., P.O. Box 268",573-468-6511,5000,Wednesday
226,1,Summersville Beacon,,Independently Owned Newspaper,Texas County,Summersville,MO,65571,"205 Richards Avenue, P.O. Box 272",417-932-4700,5500,Monday
227,1,Sweet Springs Herald,,Independently Owned Newspaper,Saline County,Sweet Springs,MO,65351,238 Main Street,660-335-6366,687,Wednesday
1,1,Test Organization,http://www.google.com,Ownership information not listed,Cape Girardeau County,Cape Girardeau,MO,63701,1610 N Kingshighway St,(636) 555-1212,,
228,1,Thayer South Missourian News,http://www.SouthMissourianNews.com,CherryRoad Media,Oregon County,Thayer,MO,65791,109 Chestnut Street,417-264-3085,1200,Thursday
229,1,Tipton Times,http://www.TiptonTimes.com,"Vernon Publishing, Inc.",Moniteau County,Tipton,MO,65081,"113 East Morgan Street, P.O. Box U",660-433-5721,1465,Thursday
106,1,Tribune and Times,http://www.TribuneAndTimes.com,Independently Owned Newspaper,"Bates County, Cass County",Harrisonville,MO,64701,"305 W. Wall St. #C, P.O. Box 275",816-793-0540,1943,Thursday
232,1,Troy Free Press,http://www.LincolnNewsNow.com,Ownership information not listed,Lincoln County,Troy,MO,63379,280 Magee Street,636-528-9550,750,Wednesday
233,1,Unionville Republican,https://northmissouriannews.com/,Independently Owned Newspaper,Putnam County,Unionville,MO,63565,"111 South 16th Street, P.O. Box 365",660-947-2222,900,Wednesday
234,1,Van Buren Current Local,,Independently Owned Newspaper,Carter County,Van Buren,MO,63965,"402 John St, P.O. Box 100",(573) 944-6534,1020,Thursday
56,1,Vandalia Leader,http://www.VandaliaLeader.com,CherryRoad Media,Audrain County,Bowling Green,MO,63334,"106 Main Street, P.O. Box 110",573-594-2222,1020,Thursday
237,1,Warren County Record,http://www.WarrenCountyRecord.com,Westplex Media Group,Warren County,Warrenton,MO,63383,103 E. Booneslick,636-456-6397,3107,Thursday
236,1,Warrensburg Star-Journal,http://www.WarrensburgStarJournal.com,Carpenter Media Group,Johnson County,Warrensburg,MO,64093,"101 East Market Street, Suite D",660-747-8123,2142,Tue & Fri
239,1,Washington Missourian,http://www.Missourian.com,Hoffman,Franklin County,Washington,MO,63090,6321 Bluff Rd.,636-239-7701,8713,"Wed., Sat., Sun."
240,1,Wellsville Optic-News,,Independently Owned Newspaper,Montgomery County,Wellsville,MO,63384,123 West Hudson Street,573-684-2929,1205,Wednesday
23,2,Wendy Baker,,Ownership information not listed,,Jefferson City,MO,65102,P.O. Box 1603,573-751-4050,,
70,1,West & Mid Rivers Newsmagazine,http://www.midriversnewsmagazine.com,Independently Owned Newspaper,"St Charles County, St Louis County",Chesterfield,MO,63005,754 Spirit 40 Park Dr.,636-591-0010,75000,Bi-Monthly on Wed
241,1,West Plains Daily Quill,http://www.WestPlainsDailyQuill.net,Carpenter Media Group,Howell County,West Plains,MO,65775,"205 Washington Ave, P.O. Box 110",417-256-9191,4000,Wed & Sat
97,1,West Side Leader,http://www.MyLeaderPaper.com,Leader Publications,Jefferson County,Festus,MO,63028,"503 North 2nd Street, P.O. Box 159",636-937-7501,10907,Thursday
242,1,Weston Chronicle,http://www.PlatteChronicle.com,Independently Owned Newspaper,Platte County,Weston,MO,64098,"18275 Hwy 45 North, P.O. Box 6",816-640-2251,1600,Wednesday
243,1,Willow Springs Howell County News,http://www.HowellCountyNews.com,Independently Owned Newspaper,Howell County,Willow Springs,MO,65793,110 West Main St.,417-252-2123,2300,Wednesday
159,1,Wright County Journal,http://www.WrightCountyJournal.com,Independently Owned Newspaper,Wright County,Mountain Grove,MO,65711,"150 East 1st Street, P.O. Box 530",417-926-5148,2034,Wednesday
