Date,Headline,Type,Publications,Owners,Paragraph
2026-09-25,"[Missouri Press Association elects 2027 officers, directors](https://mopress.com/stories/missouri-press-association-elects-2027-officers-directors,39882)",Ownership or closure,,Vernon Publishing,"Jones has been on the Missouri Press Association Board of Directors since January 2018, but you might remember him from his time (approximately a year and a half) as editor of Missouri Press News, MPA’s monthly magazine. Missing the community newspaper life, he ended up purchasing two newspapers from Vernon Publishing, his former employers."
2026-09-03,"[Thinking outside the broadsheet: CherryRoad model winning me over](https://mopress.com/stories/thinking-outside-the-broadsheet-cherryroad-model-winning-me-over,39856)",Ownership or closure,Branson Tri-Lakes News,,Gulban didn’t even mention the shuttering of offset printing plants. Missouri has seen four of its 13 plants close in the past year. The July closure of the Branson Tri-Lakes News plant in Hollister sent about a dozen MPA members scrambling to find printers.
2026-09-01,"[September 2026 Missouri Press News](https://mopress.com/stories/september-2026-missouri-press-news,39849)",Ownership or closure,Weston Chronicle,,"Missouri Press Insider: Megan Jantos Monday, September 7 Megan Jantos is owner and publisher of The Weston Chronicle, which she recently bought from Jim and Beth McPherson. Jantos is also a former U.S. Army military police officer. … Megan Jantos is owner and publisher of The Weston Chronicle, which she recently bought from Jim and Beth McPherson. Jantos is also a former U.S. Army military police officer."
2026-08-26,"[Monroe Dodd](https://mopress.com/stories/monroe-dodd,39840)",Historical,Kansas City Star,,"In 1976, he returned to the Midwest, where he spent most of his career at The Kansas City Times and, later, The Kansas City Star, after the two papers merged. He was named managing editor of The Times in 1984 and served in various other editing, leadership and mentoring roles throughout his career."
2026-08-14,"[Kent Murray Ford](https://mopress.com/stories/kent-murray-ford,39833)",Mention only,Daily American Republic,,"His journalism career included employment with The Daily American Republic as a city reporter in Poplar Bluff and The Daily Nonpareil as city editor in Council Bluffs, Iowa, before he and Sharon purchased The Times Observer in Oregon, Missouri in 1981."
2026-08-03,"[Bushnell led Northeast News for 26 years](https://mopress.com/stories/bushnell-led-northeast-news-for-26-years,39820)",Ownership or closure,community news,,"Michael Bushnell, along with his wife, Christine Adams, bought The Northeast News in 1998. They converted it from a weekly tabloid shopper into a viable community news source serving the historic Northeast community as well as the Greater Kansas City metro area."
2026-08-03,"[Chamber helps Northeast News look toward 100th anniversary](https://mopress.com/stories/chamber-helps-northeast-news-look-toward-100th-anniversary,39821)",Ownership or closure,Higginsville Advance; Lexington News; Santa Fe Times,Lexington Area Chamber of Commerce; Main Street Media,"Yet another model is when the local chamber of commerce takes over the newspaper, primarily to ensure its continued existence. Earlier this year, the Lexington Area Chamber of Commerce purchased The Lexington News, Higginsville Advance, and Santa Fe Times in Alma from Main Street Media. More about that in a future column."
2026-07-22,"[Looming in optimism](https://mopress.com/stories/looming-in-optimism,39813)",Ownership or closure,Crane Chronicle; Stone County Republican; Cassville Democrat,,"The fact the Branson Tri-Lakes and Crane Chronicle-Stone County Republican newspapers both shuttered is sad enough for the state of local journalism, and adding in the loss of the press we’ve relied on for the last three years since my wife, Jordan, and I bought the Democrat, well, that amplified the feeling. … The closing of the Branson Tri-Lakes print shop has put us in a minuscule bind. I’m very proud to say that through our connections with other weekly publications across the Ozarks, the Cassville Democrat is not going anywhere."
2026-07-03,"[MSHSAA addresses Missouri Press concerns](https://mopress.com/stories/mshsaa-addresses-missouri-press-concerns,39793)",Ownership or closure,Carthage Press,,"That interest was rekindled when my eldest son served as sports editor of the Carthage Press for seven years; he’s been a stringer for the Ozark Sports Zone since the Press closed in 2018. We frequently discuss why certain coaches won’t return phone calls or emails for preseason preview stories, why some athletic directors fail to notify the media about schedule changes or game cancellations, and the complexities of the Missouri State High School Activities Association (MSHSAA)."
2026-07-02,"[The convergence of the Court’s rules and state law](https://mopress.com/stories/the-convergence-of-the-courts-rules-and-state-law,39791)",Mention only,St. Louis Post-Dispatch,,"The closest Missouri precedent for what happened here is likely when, back in 2019, a St. Louis Post-Dispatch reporter live-tweeted while listening to proceedings being held in a courtroom that the court had closed pursuant to Missouri law. In that case, while jail time and fines were authorized, Judge Nellie Ribaudo only ordered the reporter to write apologies and undergo training."
2026-06-22,"[Missouri Newspaper Hall of Fame inducting five for 2026](https://mopress.com/stories/missouri-newspaper-hall-of-fame-inducting-five-for-2026,39783)",Mention only,Kansas City Star,,"Maassen returned to Missouri to work in The Kansas City Star’s retail advertising department, where he would remain for more than 33 years. During that time, he held various management positions and helped guide The Star’s transition to more digital and interactive advertising projects. He was named group publisher over weekly community newspapers in Belton, Harrisonville, Lee’s Summit and Olathe, Kan., when The Star’s publishing group acquired them."
2026-06-10,"[Freedom ... wear*](https://mopress.com/stories/freedom-wear,39768)",Mention only,Cash-Book Journal,,"In a good year, Raffety says the sale of T-shirts can generate $25,000 in revenue to support the Cash-Book Journal ."
2026-06-03,"[From Willow Springs to Trenton: HB 1940 was necessary for Missouri](https://mopress.com/stories/from-willow-springs-to-trenton-hb-1940-was-necessary-for-missouri,39759)",Ownership or closure,Trenton Republican-Times; Trenton Telegraph; Howell County News,,"The Trenton Republican-Times , which had served Grundy County since 1864, abruptly closed on June 19, 2025. … Howell County News founder and publisher Kim Rich, after trying to sell the paper for more than a year, closed it in June. … On day 24 of the 30-day clock, Bailey found a taker: Amanda and Ron Mendez, who agreed to purchase the Howell County News from Rich."
2026-05-03,"[State Historical Society has been microfilming papers since 1930s](https://mopress.com/stories/state-historical-society-has-been-microfilming-papers-since-1930s,39730)",Mention only,Morgan County Statesman,,"At least two Missouri newspaper publishers purchase the duplicate microfilm reels for $125 each, as a service to their readers. Bryan Jones, publisher of the Morgan County Statesman , says that while he has bound volumes dating back to the late 1800s, the papers are brittle and sometimes disintegrate at the touch. One patron comes in weekly to access the reels on the Statesman’s microfilm reader, and another uses it at least twice a month. Office manager Dena Dean also relies on the reels to compile the weekly “Years Past” column."
2026-04-05,"[April 2026 Notebook](https://mopress.com/stories/april-2026-notebook,39698)",Ownership or closure,Fayette Advertiser,Ken Garner,"Phil and Chaundee Cobb reacquired the Maryville Forum and The Post from Ken Garner’s Garner Media Holdings in February. The Cobbs previously owned the Forum from 2013-2021, when they sold it to Garner and exited the newspaper industry. … Fayette Advertiser starts countdown to closing"
2026-04-03,"[Sheridan cooperative ensures Worth County has a newspaper](https://mopress.com/stories/sheridan-cooperative-ensures-worth-county-has-a-newspaper,39690)",Ownership or closure,Grant City Times Tribune,,"Worth County is now a one-newspaper county, with the Feb. 26 closing of the Grant City Times Tribune . The Maryville Forum , in Nodaway County, will continue to cover some news and sports in Worth County."
2026-03-27,"[House Passes Its Version of FY2027 Budget](https://mopress.com/stories/house-passes-its-version-of-fy2027-budget,39685)",Mention only,Southeast Missourian,,"Testifying in support of SB 1209 was Jon Rust, publisher of the Cape Girardeau Southeast Missourian."
2026-02-28,"[30-plus Missouri newspapers change ownership in last year](https://mopress.com/stories/30-plus-missouri-newspapers-change-ownership-in-last-year,39659)",Ownership or closure,Centralia Fireside Guard; Elsberry Democrat; Hermann Advertiser Courier; Lake Gazette; Lincoln County Journal; Pike County News; Troy Free Press; Vandalia Leader; Trenton Telegraph; Community News; Phelps County Focus; Pulaski County Weekly; St. Louis Post-Dispatch; California Democrat; Fulton Sun; McDonald County Press; Missouri Times; Chariton Marquee; Glasgow Missourian; Carrollton Democrat; Springfield Business Journal; Springfield Daily Events; Boone County Journal; Columbia Missourian; Trenton Republican-Times; Shannon County Current Wave; Cuba Free Press; Gasconade County Republican; Maries County Advocate; Saint James Press; Steelville Star-Crawford Mirror; Three Rivers Publishing; Unterrified Democrat,CherryRoad Media; Lakeway Publishers; Main Street Media; Carpenter Media Group; Salem Publishing; Hoffmann Media Group; Lee Enterprises; WEHCO Media; Melanie Latamondeer; Better Newspapers Inc; Paxton Media Group; Marty Goodnight; Jeff Schrag; Missourian Publishing Association; Rob Viehman; Three Rivers Publishing,"Last year began with the closing of a deal that was announced in 2024 as Lakeway Publishers sold its Missouri newspapers to CherryRoad Media. … In September, CherryRoad also launched an entirely new newspaper with the Trenton Telegraph . … The company started this year with another acquisition in Carrollton, purchasing the Democrat newspaper there from Main Street Media. Carpenter Media Group announced in January it would purchase Salem Publishing Company from Donald and Felicia Dodd."
2026-02-13,"[Committee Hearings Abound as House Moves, Senate Slows](https://mopress.com/stories/committee-hearings-abound-as-house-moves-senate-slows,39640)",Mention only,St. Joseph News-Press,,"The bill, identical to House Bill 2717, would eliminate the newspaper notice, which advertises the sale of an occupant’s personal property if the occupant is in default for more than 45 days. … Testifying in support of the bill was Alex Erbs, President of the Missouri Self Storage Owners Association and the owner of storage units in Columbia and Waynesville. … He noted that some of the public notices do not have the names of content owners published because “it’s an invasion of privacy.” … It is telling the public that contents are being sold."
2026-02-06,"[February 2026 Notebook](https://mopress.com/stories/february-2026-notebook,39627)",Ownership or closure,Jasper County Citizen; Sarcoxie Record,,"Carthage — In December 2025, fstop Publications announced it would combine the Jasper County Citizen in Carl Junction and Carthage Chronicle newspapers and publish them under a shared flag, The Carthage Chronicle and Jasper County Citizen . … The company’s other publication, the Sarcoxie Record , was unchanged as part of the merging of newspapers."
2026-02-06,"[Senate Confirms Appointments, House Floor Action Begins](https://mopress.com/stories/senate-confirms-appointments-house-floor-action-begins,39638)",Mention only,Joplin Globe; St. Joseph News-Press,,"Testifying in opposition to the bill was Chad Stebbins, Executive Director of the Missouri Press Association, who said sometimes it takes a village to notify the contents’ owner, and he explained how Chad’s father had seen a public notice in The Joplin Globe that said his son’s storage unit contents were to be auctioned."
2026-01-09,"[January 2026 MPA Notebook](https://mopress.com/stories/january-2026-mpa-notebook,39595)",Ownership or closure,Nodaway News Leader,Kay Wilson; Jeff Schrag,"Maryville — The Nodaway News Leader announced last month it would cease printing and discontinue newspaper operations on Dec. 31. The newspaper began March 15, 1996, with publisher Kay Wilson at its helm for all 30 years. … Springfield — Last month it was announced The Daily Events in Springfield was set to be acquired by Marty and Shallina Goodnight by the end of December. Prior to the sale, The Daily Events was owned by Jeff Schrag since May 1995; Schrag served as Missouri Press Association president in 2017."
2025-12-08,"[MISSOURI COMMUNITY JOURNALISM FUND FACT SHEET](https://mopress.com/stories/missouri-community-journalism-fund-fact-sheet,39566)",Mention only,Community News,,"For tax-exempt purposes, donations need to be made in support of the specific initiative launched by a Missouri local news outlet and need to reflect the mission of the Missouri Press Foundation. Prior to soliciting donations to the Community News Fund, local news outlets should discuss the general framework of their projects with the foundation to ensure the project meets the tax-exempt donation requirements of the fund."
2025-11-24,"[Thankful for local newspapers](https://mopress.com/stories/thankful-for-local-newspapers,39547)",Mention only,Higginsville Advance; Lexington News; Santa Fe Times,,"This November, I would encourage us to stop and give thanks that we (residents of Lexington, Higginsville and surrounding communities) still have a weekly newspaper. The Lexington News, Higginsville Advance and Santa Fe Times [in Alma] are all ingrained into the communities they serve and have been for several years. These newspapers have informed us, entertained us, educated us and have assisted businesses in the goal to attract customers and assist with the sale of goods or services."
2025-11-08,"[Beyond the classroom](https://mopress.com/stories/beyond-the-classroom,39532)",Mention only,Nodaway News Leader,Kay Wilson,"While “giving back” usually means the newspaper does or provides something for free, that’s not always the case. For example, Kay Wilson and the Nodaway News Leader ( NNL ) have taken a page out of the booster club playbook offering community groups a new way to raise money by selling newspaper subscriptions."
2025-11-06,"[Missouri Press Insider: Mark Evans](https://mopress.com/stories/missouri-press-insider-mark-evans,39531)",Ownership or closure,,Paxton Media Group,"Who owns the newspapers? In September, Better Newspapers, Inc., sold us and their other seven Missouri papers to Paxton Media Group (PMG). We are in the process of learning a whole new system, which involves turning in stories to a central pagination hub."
2025-11-03,"[J-School course shows how community news can thrive](https://mopress.com/stories/j-school-course-shows-how-community-news-can-thrive,39530)",Mention only,community news,,"“The mixture of guest speakers from all over the country and in-person visits close to home help students see the many forms community news can take,” Stephens said. “This class isn’t going to solve the local news crisis, but the students are going to enter the industry with a better understanding of ways community news can thrive.”"
2025-10-03,"[More miles on their cars, but ensuring papers’ futures](https://mopress.com/stories/more-miles-on-their-cars-but-ensuring-papers-futures,39486)",Ownership or closure,Cuba Free Press; Saint James Press; Steelville Star-Crawford Mirror; Gasconade County Republican; Maries County Advocate; Unterrified Democrat,Ken Garner; Rob Viehman,"Warden Publishing bought the Cuba Free Press , the Steelville Star-Crawford Mirror , and the Saint James Press from Rob Viehman. Ken Garner bought the Mount Ayr Record News and the Diagonal Progress in Ringgold County, Iowa. The Wardens now own six papers, including their flagship Gasconade County Republican (acquired in 1963), the Maries County Advocate (2016), and the Osage County Unterrified Democrat (2018)."
2025-10-02,"[Main Street Media announces sale of Missouri newspapers](https://mopress.com/stories/main-street-media-announces-sale-of-missouri-newspapers,39490)",Ownership or closure,Glasgow Missourian; Chariton Marquee,Main Street Media; Melanie Latamondeer,"Main Street Media (MSM) is selling its four remaining Missouri newspapers, after having sold the Glasgow Missourian in September. MSM sold The Glasgow Missourian to J3 Marquee Ventures, LLC, led by Salisbury-based owner and editor Melanie Latamondeer late last month. “When I launched The Chariton Marquee in 2022, it was with nothing more than a computer and a dream of keeping local news alive. … Dirks, Van Essen & April, a media merger and acquisition firm based in Santa Fe, New Mexico, handled the deal for the Glasgow Missourian and will head up the sale of MSM’s Missouri division."
2025-09-03,"[Mayor, CherryRoad team up to restore paper in Trenton](https://mopress.com/stories/mayor-cherryroad-team-up-to-restore-paper-in-trenton,39445)",Ownership or closure,Trenton Republican-Times; Trenton Telegraph,,"The Trenton Telegraph , a community-owned weekly, is set to launch on Sept. 11. It replaces the Trenton Republican-Times , which had served Grundy County since 1864. Honeycutt Media closed the Republican-Times and The Clinton County Leader in Plattsburg after the June 19 issues. … Wendell Lenhart, a member of the Missouri Newspaper Hall of Fame, sold the Trenton Republican-Times to Honeycutt Media in 2021. His family had owned the paper since 1963."
2025-08-08,"[Newspapers (and their staff) give back more than they get](https://mopress.com/stories/newspapers-and-their-staff-give-back-more-than-they-get,39425)",Historical,Cassville Democrat,,"From the outset of their purchase of the Cassville Democrat in early 2023, Kyle and Jordan Troutman pondered the different ways they could give back to the community. Early on in their ownership, they decided to pledge 2 percent of advertising sales for every special project to a non-profit relating to the focus of that project, under the moniker of “Back 2 You.”"
2025-08-06,"[Gerald Jones](https://mopress.com/stories/gerald-jones,39428)",Historical,Cash-Book Journal,,"Jones started his career as a high school science teacher at Jackson High School, but in 1974 he partnered with Marvin Proffer to combine the Jackson Journal and the Cape County Post and Cash-Book to create The Cash-Book Journal Newspaper. He celebrated 50 years in the newspaper business during National Newspaper Week in October 2024. Always an entrepreneur, he also joined forces with Jerry Reppert to create Cape Central Publishing Company where they each printed their respective newspapers."
2025-08-01,"[August 2025 Notebook](https://mopress.com/stories/august-2025-notebook,39426)",Ownership or closure,Three Rivers Publishing; Cuba Free Press; Saint James Press; Steelville Star-Crawford Mirror; Newton County News; Columbia Daily Tribune; Springfield News-Leader; St. Louis Post-Dispatch,Three Rivers Publishing; Rob Viehman; Carpenter Media Group,"Dennis and Connie Warden, along with son Jacob, purchased Three Rivers Publishing at the end of June. Their purchase of Three Rivers Publishing from former publisher Rob Viehman brings three more newspapers under the Warden family’s control. … Neosho — In the July 2 edition of the Newton County News, Publisher Jennifer Sexton Hayworth announced the newspaper would cease publication. … Carpenter Media Group purchased Phillips Media Group’s Missouri and Illinois properties in August of last year, which included the Herald-Whig and its printing plant."
2025-07-28,"[An iron anniversary](https://mopress.com/stories/an-iron-anniversary,39400)",Ownership or closure,Howell County News,,I walked into her beautiful historic downtown building toting an eight-month-old baby boy and walked out with a side gig – I would populate content on the website every week and submit a monthly fish-out-of-water column. I wrote and worked for Kim in this capacity until the Tuesday I received her email announcing her last edition of the paper had gone to press. It was the end of the story for Howell County News.
2025-07-14,"[Four inductees will join Missouri Newspaper Hall of Fame](https://mopress.com/stories/four-inductees-will-join-missouri-newspaper-hall-of-fame,39376)",Ownership or closure,Unterrified Democrat,,"In 2018, the Unterrified Democrat was sold by Jerry and Ralph Voss to Warden Publishing. Her dedication to the newspaper continued for another two years as she stayed on to help the new owners get acclimated to the community."
2025-07-04,"[July 2025 Notebook](https://mopress.com/stories/july-2025-notebook,39272)",Ownership or closure,,Hoffmann Media Group,"Missourian Publishing Co. was purchased by Hoffmann Family of Companies in early June as part of that company’s Hoffmann Media Group (HMG). The Hoffmann group now has 20 publications in 30 markets, including Florida, Michigan and California. … “My wife, Jerry, and I take great pride in our Missouri roots and share a deep passion for preserving local journalism,” Hoffman said in the announcement of the purchase. “This acquisition is a natural fit, and we are honored to uphold the Miller family’s rich legacy as we integrate The Missourian into Hoffmann Media Group.”"
2025-07-03,"[Thankful to be part of ‘Redden Era’](https://mopress.com/stories/thankful-to-be-part-of-redden-era,39269)",Ownership or closure,Shannon County Current Wave,,"I was pleased to learn that Roger and Carol Dillon sold the Shannon County Current Wave in Eminence to a local couple, Kenny and Valerie Schulz, on April 1. The paper had been for sale for seven or eight years."
2025-05-14,"[Paving the CherryRoad](https://mopress.com/stories/paving-the-cherryroad,39215)",Historical,,CherryRoad Media; Jeremy Gulban,"Local News Initiative — With the 2020 purchase of the Cook County News Herald in Northeast Minnesota, Jeremy Gulban launched the fast-growing CherryRoad Media chain of community newspapers. The company’s portfolio has ballooned to 94 newspapers — all but one print, most weekly — as CEO Gulban tries on the fly to make his business model sustainable for CherryRoad and a greater local news industry working in the shadows of Big Tech."
2025-05-06,"[May 2025 Notebook](https://mopress.com/stories/may-2025-notebook,39199)",Ownership or closure,Daily News,CherryRoad Media,"Boonville — The Boonville Daily News announced late last month it would be shuttering its downtown offices at 301 Main Street and moving to remote operations for the time being beginning the last week of April. … The Daily News has been owned by CherryRoad Media since 2021, purchasing it from Gannett."
2025-04-04,"[MPA Legislative Update: Week 12: House Passes their Version of Budget](https://mopress.com/stories/mpa-legislative-update-week-12-house-passes-their-version-of-budget,39153)",Mention only,Gasconade County Republican,,"Also testifying in opposition to the bill was Dennis Warden, publisher of the Owensville Gasconade County Republican and two other community newspapers."
2025-03-31,"[MPA Legislative Update: Week 11: MO General Assembly Returns from Annual Spring Break](https://mopress.com/stories/mpa-legislative-update-week-11-mo-general-assembly-returns-from-annual-spring-break,39147)",Mention only,Joplin Globe,,"Testimony in opposition to the bill was presented by Chad Stebbins of the Missouri Press Association, noting his son once failed to pay rent for his self-storage unit, and his son’s grandfather read the notice of auction in The Joplin Globe, then notified his grandson, who paid the rent and saved his stored items."
2025-03-24,"[Jane White Brown](https://mopress.com/stories/jane-white-brown,38665)",Mention only,Clinton Daily Democrat,,"A Missouri School of Journalism graduate, she later worked as a reporter and sold advertising for the Clinton Daily Democrat before moving to Kansas City. There she had an extensive career in communications as a reporter, editor and fundraiser for various not-for-profit agencies."
2025-02-27,"[A leap forward for AI in journalism is coming from an unexpected place — small-town Missouri](https://mopress.com/stories/a-leap-forward-for-ai-in-journalism-is-coming-from-an-unexpected-place-small-town-missouri,35145)",Mention only,,Rust Communications,"Many news outlets have taken bits and pieces of these capabilities and attempted to gently massage them into their workflows. Rust Communications’ CMS does them all, it does them well, and it’s all powered by PubGen.AI , a system built by a sister company to its newspapers. In the first three months after Rust launched the CMS across its newspaper network, the publications saw an average 30-45% lift in online traffic. Digital-only subscriptions have grown in a range from 16-37%."
2025-02-11,"[Carpenter Media Group to purchase Salem Publishing](https://mopress.com/stories/carpenter-media-group-to-purchase-salem-publishing,33346)",Ownership or closure,Daily News; Licking News; Phelps County Focus; Pulaski County Weekly; Buffalo Reflex; Christian County Headliner; Kirksville Daily Express; Marshfield Mail; Sedalia Democrat; West Plains Daily Quill,Carpenter Media Group; Salem Publishing,"Carpenter Media Group announced Jan. 27 that it has reached an agreement to acquire the assets of Salem Publishing Company, a 75-year-old family-owned media company with deep roots in South Central Missouri. … Salem Publishing launched Phelps County Focus in 2017, and in 2021, it purchased Pulaski County Weekly and the former Rolla Daily News. The RDN was closed immediately, and Pulaski County Weekly has been developed into a weekly newspaper. Salem Publishing also formerly owned The Licking News but sold it in 2016 after 12 years of ownership."
2025-02-08,"[February 2025 Notebook](https://mopress.com/stories/february-2025-notebook,32690)",Ownership or closure,Daily News; Phelps County Focus; Pulaski County Weekly,Carpenter Media Group; Salem Publishing,"Salem — Donald Dodd, publisher of Salem Publishing Company, announced his plans to retire following the sale of The Salem News, Pulaski County Weekly and Phelps County Focus to Carpenter Media Group. … Salem — Carpenter Media Group announced in late January it would acquire Salem Publishing Company. … They plan to retire following the sale to Carpenter Media Group (CMG). Catherine Wynn, the Dodd’s daughter and editor for Salem Publishing’s newspapers, will remain and manage the properties under CMG’s ownership."
2025-02-04,"[Rogers Hewitt](https://mopress.com/stories/rogers-hewitt,32684)",Historical,Lawson Review; Shelby County Herald,,"He was publisher of the Shelby County Herald until 1997, when he and wife Jerri sold it to the Williams family, owners of the Clarence Courier . The Hewitts bought the Lawson Review weekly newspaper in 1979 and later turned it over to Roger Cress Hewitt, who became publisher."
2025-01-24,"[Mark Maassen's retirement reception](https://mopress.com/stories/mark-maassens-retirement-reception,31749)",Mention only,Columbia Missourian,,"Thank you to everyone who came Thursday to Columbia to wish Mark Maassen well as he prepares to retire from Executive Director of Missouri Press Association. He has worked for the Association since 2015 but also served as president in 2013. During his remarks, Mark said he felt fortunate to be ending his career two blocks away from where it started 45 years ago. As a student at the Missouri School of Journalism, he spent a semester selling advertising for the Columbia Missourian and another as a sports reporter at the newspaper before graduating in 1980."
2025-01-17,"[January 2025 Notebook](https://mopress.com/stories/january-2025-notebook,31245)",Ownership or closure,Centralia Fireside Guard; community news; Elsberry Democrat; Hermann Advertiser Courier; Lake Gazette; Lincoln County Journal; Pike County News; Troy Free Press; Vandalia Leader; Mound City News,CherryRoad Media; Jeremy Gulban; Lakeway Publishers,"Troy — Lakeway Publishers announced in early December it had sold its Missouri newspapers to CherryRoad Media, effective Jan. 1. The sale included the Lincoln County Journal, Troy Free Press, Elsberry Democrat, Centralia Fireside Guard, Hermann Advertiser Courier, The Lake Gazette in Monroe City, Pike County News and Vandalia Leader. … Ripley, who lives in Oregon with his wife, Gina, will continue to check into his office following the newspaper’s closure and help readers transition to the Mound City News, which will be Holt County’s only newspaper."
2025-01-16,"[Missouri Press Day at the Missouri School of Journalism](https://mopress.com/stories/missouri-press-day-at-the-missouri-school-of-journalism,31152)",Mention only,Community News,,"The Missouri School of Journalism is hosting an event — Community News & You — to bring together students and Missouri Press editors and publishers. This event is a combination of networking and job fair opportunities and panels and discussion about community news and why it's an exciting time to work with Missouri Press members. You'll see in the schedule below, we'll have networking and interviews alongside a couple of panels in the morning. All attendees will come back together for lunch and a panel of editors and publishers."
2025-01-15,"[Poetry from Daily Life](https://mopress.com/stories/poetry-from-daily-life,31071)",Mention only,Springfield News-Leader,,"As Missouri’s 7th Poet Laureate, I asked Springfield News-Leader Editor-in-Chief Amos Bridges what he thought about establishing a regular weekly column about poetry. He liked the idea, suggested the title, and here we are, launching the new column."
2025-01-10,"[One leader, four Leaders](https://mopress.com/stories/one-leader-four-leaders,30697)",Historical,Arnold-Imperial Leader; Southeast Missourian,Trevor Vernon,"Originally from Festus, Scott studied journalism at Southeast Missouri State University before joining the Southeast Missourian in Cape Girardeau in 1985. … In that time, Leader Publications also grew, expanding from the Jefferson County Leader and Arnold-Imperial Leader that were publishing when Scott joined to include the West Side Leader in 2014 and the Eureka Leader in 2017. … She added that the Leader’s staff has received a lot of guidance and ideas from other newspapers around the country that have done similar campaigns, including Trevor Vernon in the Lake of the Ozarks region."
2024-12-29,"[Judge Rules Scotland County Hospital Purposefully Violated the Sunshine Law](https://mopress.com/stories/judge-rules-scotland-county-hospital-purposefully-violated-the-sunshine-law,31251)",Mention only,Edina Sentinel; Memphis Democrat; Missouri Independent,,"Randall Tobler told The Edina Sentinel/Memphis Democrat. … The Edina Sentinel/Memphis Democrat has submitted requests for comment to the SCH Board of Directors and Administrators, who did not immediately respond. Editor’s Note: CEO Meagan Weber issued a statement to the Missouri Independent on Sunday."
2024-12-01,"[December 2024 Notebook](https://mopress.com/stories/december-2024-notebook,31244)",Ownership or closure,Bowling Green Times; Pike County News; Kansas City Call,Lakeway Publishers,"Bowling Green — The Bowling Green Times and the Louisiana Press-Journal — which previously shared county-wide news coverage — combined into a single publication, The Pike County News, in early November. … The Pike County News will offer the same coverage that was in the Press-Journal and the Times individually, but now in a combined edition. Kansas City — The Kansas City Call Company has sold the Black community newspaper’s historic building in the 18th and Vine District."
2024-11-01,"[November 2024 Notebook](https://mopress.com/stories/november-2024,31243)",Ownership or closure,Houston Herald; St. Louis Post-Dispatch; Gladstone Dispatch; Savannah Reporter,Isaiah Buse; CherryRoad Media; Jeremy Gulban; Carpenter Media Group,"Herald owner Isaiah Buse told readers. … Savannah — CherryRoad Media purchased The Savannah Reporter and took over ownership last month. … Bolivar — Carpenter Media Group, which operates more than 250 newspapers throughout the United States and Canada, purchased 16 community newspapers belonging to Phillips Media Group, including 10 newspapers in Missouri and several others in Arkansas and Illinois, along with other publications."
2024-10-16,"[Jeremy Patton](https://mopress.com/stories/jeremy-patton,24055)",Mention only,Fulton Sun,,"Jeremy started working at Missouri Press Service in August of 2013 as the graphic designer. He had 5 1/2 years newspaper experience prior to working for MPS as the graphic designer for the Fulton Sun and 3 years experience as a graphic illustrator for Graphic World in Maryland Heights, MO. Jeremy resides in Jefferson City, MO with his wife and daughter. As of January 1st 2015 he has combined his graphic design position with the advertising placement position for Missouri Press Service and places client advertising into Missouri and out of state newspapers."
