outlet_id,outlet_name,event,effective_date,date_precision,from_owner,to_owner,merged_into,new_name,evidence_url,note,sets_current
def1b716-b0f8-45dd-a87f-1780343bbe2b,Centralia Fireside Guard,sold,2025-01-01,day,Lakeway Publishers,CherryRoad Media,,,"https://mopress.com/stories/january-2025-notebook,31245","Lakeway sold its Missouri newspapers to CherryRoad Media, effective Jan. 1, 2025 (announced December 2024).",false
232ee9f8-5d47-435f-9496-3039cce36ea2,Elsberry Democrat,sold,2025-01-01,day,Lakeway Publishers,CherryRoad Media,,,"https://mopress.com/stories/january-2025-notebook,31245","Lakeway sold its Missouri newspapers to CherryRoad Media, effective Jan. 1, 2025 (announced December 2024).",false
73a017d5-66b7-49fb-805c-2c11d89e1611,The Hermann Advertiser Courier,sold,2025-01-01,day,Lakeway Publishers,CherryRoad Media,,,"https://mopress.com/stories/january-2025-notebook,31245","Lakeway sold its Missouri newspapers to CherryRoad Media, effective Jan. 1, 2025 (announced December 2024).",false
665bce3e-ff96-4419-906d-b92924e967b0,Lincoln County Journal,sold,2025-01-01,day,Lakeway Publishers,CherryRoad Media,,,"https://mopress.com/stories/january-2025-notebook,31245","Lakeway sold its Missouri newspapers to CherryRoad Media, effective Jan. 1, 2025 (announced December 2024).",false
5ddf8b1a-cb19-4c53-8eff-64143e004e58,Lake Gazette,sold,2025-01-01,day,Lakeway Publishers,CherryRoad Media,,,"https://mopress.com/stories/january-2025-notebook,31245","Lakeway sold its Missouri newspapers to CherryRoad Media, effective Jan. 1, 2025 (announced December 2024).",false
378d5277-0778-4323-8a1b-a96b99ab2a0d,Pike County News/Bowling Green Times,sold,2025-01-01,day,Lakeway Publishers,CherryRoad Media,,,"https://mopress.com/stories/january-2025-notebook,31245","Lakeway sold its Missouri newspapers to CherryRoad Media, effective Jan. 1, 2025 (announced December 2024).",false
bacbdccb-2c24-45e4-a346-c81bc7ae5895,Troy Free Press,sold,2025-01-01,day,Lakeway Publishers,CherryRoad Media,,,"https://mopress.com/stories/january-2025-notebook,31245","Lakeway sold its Missouri newspapers to CherryRoad Media, effective Jan. 1, 2025 (announced December 2024).",false
a77c9620-c161-48f9-aab7-90afb33b9859,Vandalia Leader,sold,2025-01-01,day,Lakeway Publishers,CherryRoad Media,,,"https://mopress.com/stories/january-2025-notebook,31245","Lakeway sold its Missouri newspapers to CherryRoad Media, effective Jan. 1, 2025 (announced December 2024).",false
378d5277-0778-4323-8a1b-a96b99ab2a0d,Pike County News/Bowling Green Times,renamed,2024-11-01,month,,,,Pike County News,"https://mopress.com/stories/december-2024-notebook,31244","The Bowling Green Times and the Louisiana Press-Journal combined into a single publication, The Pike County News, in early November 2024.",false
c2482729-c20e-472c-82f8-15dbe8333693,Salem News Online,sold,2025-01-27,by,Salem Publishing Company (Donald and Felicia Dodd),Carpenter Media Group,,,"https://mopress.com/stories/carpenter-media-group-to-purchase-salem-publishing,33346","Carpenter Media Group announced Jan. 27, 2025 an agreement to acquire Salem Publishing Company.",false
90adf20b-93c0-4d1f-b209-bd927b0ccdd0,Phelps County Focus,sold,2025-01-27,by,Salem Publishing Company (Donald and Felicia Dodd),Carpenter Media Group,,,"https://mopress.com/stories/carpenter-media-group-to-purchase-salem-publishing,33346","Carpenter Media Group announced Jan. 27, 2025 an agreement to acquire Salem Publishing Company.",false
96671be3-c83c-4911-af08-a8bad0201723,Pulaski County Weekly,sold,2025-01-27,by,Salem Publishing Company (Donald and Felicia Dodd),Carpenter Media Group,,,"https://mopress.com/stories/carpenter-media-group-to-purchase-salem-publishing,33346","Carpenter Media Group announced Jan. 27, 2025 an agreement to acquire Salem Publishing Company.",false
90adf20b-93c0-4d1f-b209-bd927b0ccdd0,Phelps County Focus,launched,2017-01-01,year,,Salem Publishing Company,,,"https://mopress.com/stories/carpenter-media-group-to-purchase-salem-publishing,33346",Salem Publishing launched Phelps County Focus in 2017.,false
96671be3-c83c-4911-af08-a8bad0201723,Pulaski County Weekly,sold,2021-01-01,year,,Salem Publishing Company,,,"https://mopress.com/stories/carpenter-media-group-to-purchase-salem-publishing,33346",Salem Publishing purchased Pulaski County Weekly and the former Rolla Daily News in 2021; the RDN was closed immediately.,false
70872ecd-2162-419a-9093-f258014fe2b3,The Licking News,sold,2016-01-01,year,Salem Publishing Company,Group Duncan LLC,,,"https://mopress.com/stories/carpenter-media-group-to-purchase-salem-publishing,33346",Salem Publishing sold The Licking News in 2016 after 12 years. Buyer as named by LNI 2025.,false
c7d36fb0-1664-41f6-9f55-31a317b1cd32,Missourian,sold,2025-06-01,month,Missourian Publishing Co. (Miller family),Hoffmann Media Group,,,"https://mopress.com/stories/july-2025-notebook,39272",Missourian Publishing Co. was purchased by Hoffmann Family of Companies in early June 2025.,false
009f8695-a4d1-4732-bcfc-f74efba1b6bb,Jefferson City News Tribune/News Tribune,sold,2025-12-01,month,WEHCO Media,"Faughn Media, LLC",,,"https://mopress.com/stories/30-plus-missouri-newspapers-change-ownership-in-last-year,39659",Announced in 2025's closing days: WEHCO Media would sell its three Missouri newspapers to Faughn Media (Scott Faughn).,false
f9c26822-7ffa-4792-b40a-eaa82079cacc,California Democrat,sold,2025-12-01,month,WEHCO Media,"Faughn Media, LLC",,,"https://mopress.com/stories/30-plus-missouri-newspapers-change-ownership-in-last-year,39659",Announced in 2025's closing days: WEHCO Media would sell its three Missouri newspapers to Faughn Media (Scott Faughn).,false
0e6d6996-d6da-40f9-8dbb-7acf942d870d,The Fulton Sun,sold,2025-12-01,month,WEHCO Media,"Faughn Media, LLC",,,"https://mopress.com/stories/30-plus-missouri-newspapers-change-ownership-in-last-year,39659",Announced in 2025's closing days: WEHCO Media would sell its three Missouri newspapers to Faughn Media (Scott Faughn).,false
041b53f0-0e8b-4ab9-849e-4cdde2d8e8b6,Glasgow Missourian,sold,2025-09-01,month,Main Street Media,J3 Marquee Ventures LLC (Melanie Latamondeer),,,"https://mopress.com/stories/main-street-media-announces-sale-of-missouri-newspapers,39490",MSM sold The Glasgow Missourian to J3 Marquee Ventures late in September 2025.,false
6a0036f9-4d50-4d59-a39d-ce72d0db47ad,Chariton Marquee,launched,2022-01-01,year,,Melanie Latamondeer,,,"https://mopress.com/stories/main-street-media-announces-sale-of-missouri-newspapers,39490",Latamondeer launched The Chariton Marquee in Salisbury in 2022.,false
1e01d839-2480-4455-bc9f-1334b1e15ecd,Carrollton Democrat,sold,2026-01-01,month,Main Street Media,CherryRoad Media,,,"https://mopress.com/stories/30-plus-missouri-newspapers-change-ownership-in-last-year,39659",CherryRoad started 2026 purchasing the Carrollton Democrat from Main Street Media.,false
097f4df8-bde6-4967-a414-a9b84b6c3c84,Community News,sold,2025-12-01,month,Westplex Media,CherryRoad Media,,,"https://mopress.com/stories/30-plus-missouri-newspapers-change-ownership-in-last-year,39659",CherryRoad ended 2025 with the acquisition of Community News from Westplex Media.,false
26fdddc2-4b2d-45f8-93e5-67f63b53f188,The Savannah Reporter,sold,2024-10-01,month,Ken and Brent Rosenauer,CherryRoad Media,,,"https://mopress.com/stories/november-2024,31243",CherryRoad Media purchased The Savannah Reporter and took over ownership in October 2024.,false
f517c15c-bd82-469f-b9c5-f0eee337a62b,Trenton Republican-Times,sold,2021-01-01,year,Wendell Lenhart,Honeycutt Media,,,"https://mopress.com/stories/mayor-cherryroad-team-up-to-restore-paper-in-trenton,39445",Wendell Lenhart sold the Trenton Republican-Times to Honeycutt Media in 2021.,false
f517c15c-bd82-469f-b9c5-f0eee337a62b,Trenton Republican-Times,closed,2025-06-19,day,,,,,"https://mopress.com/stories/mayor-cherryroad-team-up-to-restore-paper-in-trenton,39445","Honeycutt Media closed the Republican-Times after the June 19, 2025 issue.",false
1dc62d8e-f550-4545-a4de-70309dbbf2ee,Trenton Telegraph,launched,2025-09-11,day,,CherryRoad Media,,,"https://mopress.com/stories/mayor-cherryroad-team-up-to-restore-paper-in-trenton,39445","A community-owned weekly launched by CherryRoad with the mayor, replacing the Republican-Times.",false
9c1fa17e-dc7e-494a-ae05-d5d3c4824139,"Clinton County Leader, Plattsburg",sold,2021-01-01,year,Steve and Sue Tinnen,Honeycutt Media,,,"https://mopress.com/stories/30-plus-missouri-newspapers-change-ownership-in-last-year,39659",Steve Tinnen sold the Clinton County Leader in 2021.,false
9c1fa17e-dc7e-494a-ae05-d5d3c4824139,"Clinton County Leader, Plattsburg",closed,2025-06-19,day,,,,,"https://mopress.com/stories/mayor-cherryroad-team-up-to-restore-paper-in-trenton,39445","Honeycutt Media closed the Clinton County Leader after the June 19, 2025 issue.",false
9c1fa17e-dc7e-494a-ae05-d5d3c4824139,"Clinton County Leader, Plattsburg",relaunched,2025-08-04,by,Honeycutt Media,Steve and Sue Tinnen,,,"https://mopress.com/stories/30-plus-missouri-newspapers-change-ownership-in-last-year,39659",Tinnen came out of retirement to keep publishing the Leader weekly.,false
c83a0700-ef8d-482a-b863-c9bd6a0b4c13,Springfield Business Journal,sold,2026-01-01,month,Jennifer Jackson,Marty Goodnight,,,"https://mopress.com/stories/30-plus-missouri-newspapers-change-ownership-in-last-year,39659",Marty Goodnight took over as owner at the beginning of 2026.,false
aea57978-7dd5-4772-b974-cf2d8c988f4c,Springfield Daily Events,sold,2025-12-31,by,Jeff Schrag,Lucky Seven Media,,,"https://mopress.com/stories/january-2026-mpa-notebook,39595",Marty and Shallina Goodnight acquired The Daily Events by the end of December 2025; Schrag had owned it since May 1995.,false
ad3a9b80-85e6-4551-a57a-a0dbe4dbbd10,Boone County Journal,sold,2025-01-01,year,,Missourian Publishing Association,,,"https://mopress.com/stories/30-plus-missouri-newspapers-change-ownership-in-last-year,39659","Purchased in 2025 by the Missourian Publishing Association, which operates the Columbia Missourian.",false
2ff7b2dc-7f60-459f-982d-5475932043d1,Jasper County Citizen,merged,2025-12-01,month,,,Jasper County Citizen and Carthage Chronicle,,"https://mopress.com/stories/february-2026-notebook,39627",fstop Publications combined the Jasper County Citizen and Carthage Chronicle under a shared flag in December 2025.,false
d062d424-b366-478e-bcb9-7a43f9cc00db,Nodaway News Leader,closed,2025-12-31,day,,,,,"https://mopress.com/stories/january-2026-mpa-notebook,39595","Ceased printing and discontinued operations Dec. 31, 2025, after 30 years under publisher Kay Wilson.",false
a2f6549c-dc7d-4c57-bf15-57167b398dc1,Grant City Times Tribune,sold,2022-01-01,year,Pearl Publishing,Garner Media Holdings,,,"https://mopress.com/stories/april-2026-notebook,39698",Garner Media purchased The Times-Tribune from Pearl Publishing in 2022.,false
a2f6549c-dc7d-4c57-bf15-57167b398dc1,Grant City Times Tribune,merged,2026-02-26,day,,,maryvilleforum.com,,"https://mopress.com/stories/sheridan-cooperative-ensures-worth-county-has-a-newspaper,39690","Closed Feb. 26, 2026; no longer printed, and The Maryville Forum continues to cover some Worth County news and sports.",false
0a582038-1bd7-4a31-bc81-bea7b2f0285e,The Maryville Daily Forum,sold,2021-01-01,year,Phil and Chaundee Cobb,Garner Media Holdings,,,"https://mopress.com/stories/april-2026-notebook,39698","The Cobbs owned the Forum 2013-2021, when they sold it to Garner.",false
0a582038-1bd7-4a31-bc81-bea7b2f0285e,The Maryville Daily Forum,sold,2026-02-01,month,"Garner Media Holdings, LLC",Phil and Chaundee Cobb,,,"https://mopress.com/stories/april-2026-notebook,39698",The Cobbs reacquired the Maryville Forum and The Post from Garner Media Holdings in February 2026.,false
af6c1c0e-5340-4b94-9ba1-d77d58375962,Newton County News,closed,2025-07-02,day,,,,,"https://mopress.com/stories/august-2025-notebook,39426","Publisher Jennifer Sexton Hayworth announced in the July 2, 2025 edition that the paper would cease publication; published since 1873.",false
af6c1c0e-5340-4b94-9ba1-d77d58375962,Newton County News,correction,,,Chad Hayworth,Jennifer Sexton Hayworth,,,"https://mopress.com/stories/august-2025-notebook,39426",Owner since 1998 per the MPA notebook.,false
e1d03452-d17b-4417-90f6-42d7fc093e7c,Weston Chronicle,sold,2026-09-01,by,Jim and Beth McPherson,Megan Jantos,,,"https://mopress.com/stories/september-2026-missouri-press-news,39849","Megan Jantos is owner and publisher, having recently bought it from Jim and Beth McPherson.",false
50723f6a-9882-4d5f-9cdc-f4e63635fe43,The Unterrified Democrat,sold,2018-01-01,year,Jerry and Ralph Voss,Warden Publishing Group,,,"https://mopress.com/stories/four-inductees-will-join-missouri-newspaper-hall-of-fame,39376",Sold by Jerry and Ralph Voss to Warden Publishing in 2018.,false
4e340e96-c603-4177-beb4-daa15b8f483e,Three Rivers Publishing,sold,2025-06-30,by,Rob Viehman,Warden Publishing Group,,,"https://mopress.com/stories/august-2025-notebook,39426","Dennis and Connie Warden, with son Jacob, purchased Three Rivers Publishing from Rob Viehman at the end of June 2025.",false
32d45215-87aa-4660-9dd0-3daf80b43207,Cuba Free Press,sold,2025-06-30,by,Rob Viehman,Warden Publishing Group,,,"https://mopress.com/stories/august-2025-notebook,39426","Dennis and Connie Warden, with son Jacob, purchased Three Rivers Publishing from Rob Viehman at the end of June 2025.",false
c80090c3-0ca3-4869-9d96-9203dd6e94c0,Saint James Press,sold,2025-06-30,by,Rob Viehman,Warden Publishing Group,,,"https://mopress.com/stories/august-2025-notebook,39426","Dennis and Connie Warden, with son Jacob, purchased Three Rivers Publishing from Rob Viehman at the end of June 2025.",false
eb77f679-e3f6-4996-903f-55ea1632f066,Steelville Star-Crawford Mirror,sold,2025-06-30,by,Rob Viehman,Warden Publishing Group,,,"https://mopress.com/stories/august-2025-notebook,39426","Dennis and Connie Warden, with son Jacob, purchased Three Rivers Publishing from Rob Viehman at the end of June 2025.",false
10f15960-91f2-4fdf-801f-ba025b0a2bc0,Shannon County Current Wave,sold,2025-04-01,day,Roger and Carol Dillon,Kenny and Valerie Schulz,,,"https://mopress.com/stories/thankful-to-be-part-of-redden-era,39269",Sold to a local couple after seven or eight years on the market.,false
7ca36ad1-dd5c-41f7-a0c0-b6a86a13321b,Douglas County Herald,sold,2025-09-01,month,Better Newspapers Inc,Paxton Media Group LLC,,,"https://mopress.com/stories/30-plus-missouri-newspapers-change-ownership-in-last-year,39659",Paxton Media Group purchased Better Newspapers Inc.'s Missouri newspapers in September 2025.,false
3a7d0457-4b52-4b84-89b0-0337afea20e0,Lexington News,sold,2026-01-31,by,Main Street Media,Lexington Area Chamber of Commerce,,,"https://mopress.com/stories/30-plus-missouri-newspapers-change-ownership-in-last-year,39659",Chamber membership approved the purchase in December 2025; the sale was finalized at the end of January 2026.,false
1c069d3a-0a2c-44ff-8835-351a328643e0,Higginsville Advance,sold,2026-01-31,by,Main Street Media,Lexington Area Chamber of Commerce,,,"https://mopress.com/stories/30-plus-missouri-newspapers-change-ownership-in-last-year,39659",Chamber membership approved the purchase in December 2025; the sale was finalized at the end of January 2026.,false
f72eef41-b2e4-4bc3-bd80-0119a41db863,Santa Fe Times,sold,2026-01-31,by,Main Street Media,Lexington Area Chamber of Commerce,,,"https://mopress.com/stories/30-plus-missouri-newspapers-change-ownership-in-last-year,39659",Chamber membership approved the purchase in December 2025; the sale was finalized at the end of January 2026.,false
d387d9d3-0519-4f0a-8e6c-7215d5113424,Bolivar Herald Free Press,sold,2024-09-01,month,Phillips Media Group,Carpenter Media Group,,,"https://mopress.com/stories/november-2024,31243","Carpenter Media Group purchased 16 Phillips Media Group community newspapers, 10 in Missouri, in September 2024.",false
78c6a21e-285a-4d6f-82cf-bd6c6ec708d6,Buffalo Reflex,sold,2024-09-01,month,Phillips Media Group,Carpenter Media Group,,,"https://mopress.com/stories/november-2024,31243","Carpenter Media Group purchased 16 Phillips Media Group community newspapers, 10 in Missouri, in September 2024.",false
07af3410-b153-478c-b7d7-f48a779d3d64,Cedar County Republican and Stockton Journal,sold,2024-09-01,month,Phillips Media Group,Carpenter Media Group,,,"https://mopress.com/stories/november-2024,31243","Carpenter Media Group purchased 16 Phillips Media Group community newspapers, 10 in Missouri, in September 2024.",false
418a9061-d90d-4ce2-842a-372956a7a317,Christian County Headliner,sold,2024-09-01,month,Phillips Media Group,Carpenter Media Group,,,"https://mopress.com/stories/november-2024,31243","Carpenter Media Group purchased 16 Phillips Media Group community newspapers, 10 in Missouri, in September 2024.",false
283f427d-bc23-4fe6-b8fd-f7071c7c2271,Kirksville Daily Express,sold,2024-09-01,month,Phillips Media Group,Carpenter Media Group,,,"https://mopress.com/stories/november-2024,31243","Carpenter Media Group purchased 16 Phillips Media Group community newspapers, 10 in Missouri, in September 2024.",false
6c008e1b-032b-418f-b521-708e5683a611,Marshfield Mail,sold,2024-09-01,month,Phillips Media Group,Carpenter Media Group,,,"https://mopress.com/stories/november-2024,31243","Carpenter Media Group purchased 16 Phillips Media Group community newspapers, 10 in Missouri, in September 2024.",false
ec80d0f0-2ca6-4415-ba1c-ac4205d6617f,The Sedalia Democrat,sold,2024-09-01,month,Phillips Media Group,Carpenter Media Group,,,"https://mopress.com/stories/november-2024,31243","Carpenter Media Group purchased 16 Phillips Media Group community newspapers, 10 in Missouri, in September 2024.",false
9acb17dc-87e3-424f-b068-a3b813d18c88,West Plains Daily Quill,sold,2024-09-01,month,Phillips Media Group,Carpenter Media Group,,,"https://mopress.com/stories/november-2024,31243","Carpenter Media Group purchased 16 Phillips Media Group community newspapers, 10 in Missouri, in September 2024.",false
a6bdb407-2086-44c2-889f-30e333d03478,Branson Tri-Lakes News,closed,2026-07-16,day,,,,,https://www.ky3.com/2026/07/20/your-side-sudden-closure-branson-tri-lakes-newspaper-leaves-stone-county-mo-leaders-scrambling/,"Lancaster Management Inc. closed the paper and laid off all employees July 16, 2026.",false
a1c30d15-0a26-486b-a67a-628e441a62ec,Stone County Republican / Crane Chronicle,closed,2026-07-16,day,,,,,https://www.ky3.com/2026/07/20/your-side-sudden-closure-branson-tri-lakes-newspaper-leaves-stone-county-mo-leaders-scrambling/,"Lancaster Management Inc. closed the paper and laid off all employees July 16, 2026.",false
ab23f070-7fe4-41da-929a-edaebe76089b,Barry County Advertiser,closed,2026-07-16,day,,,,,https://www.ky3.com/2026/07/20/your-side-sudden-closure-branson-tri-lakes-newspaper-leaves-stone-county-mo-leaders-scrambling/,"Lancaster Management Inc. closed the paper and laid off all employees July 16, 2026.",false
a6bdb407-2086-44c2-889f-30e333d03478,Branson Tri-Lakes News,relaunched,2026-08-07,day,Lancaster Management Inc.,Real Estate Publishing LLC,,,https://www.ky3.com/2026/08/05/new-branson-tri-lakes-news-relaunches-after-group-business-owners-revives-more-than-100-year-old-publication/,"Revived by a group of local business owners, publisher Mike Cooper, who acquired the rights to the paper from Lancaster Management.",false
4623ab6b-8e2e-46f9-9d0b-99dc3370e836,StoneCounty.news,launched,2026-08-05,by,,Dylan Cox,,,,"Oldest item on the site Aug. 5, 2026; runs a weekly Stone County section in the relaunched Branson Tri-Lakes News. Dylan Cox also runs Crane.news.",false
137f86fd-7376-4232-b46b-b163574ad585,Howell County News,closed,2019-06-01,month,,,,,"https://mopress.com/stories/from-willow-springs-to-trenton-hb-1940-was-necessary-for-missouri,39759",Founder and publisher Kim Rich closed it in June 2019 after trying to sell it for more than a year.,false
137f86fd-7376-4232-b46b-b163574ad585,Howell County News,relaunched,2019-07-01,by,Kim Rich,Amanda and Ron Mendez,,,"https://mopress.com/stories/from-willow-springs-to-trenton-hb-1940-was-necessary-for-missouri,39759","On day 24 of the 30-day clock to restart publication, Amanda and Ron Mendez agreed to purchase it.",false
e0594d87-fbb1-4570-af79-cd51517a3234,North East News,sold,2022-05-01,month,Michael Bushnell and Christine Adams,"Historic Northeast Media, Inc. (Northeast Kansas City Chamber of Commerce)",,,"https://mopress.com/stories/chamber-helps-northeast-news-look-toward-100th-anniversary,39821",The chamber bought the 90-year-old paper in 2022; Bushnell sold it in May 2022.,false
205d0649-7d05-4895-8a49-d89e0fc7f19c,Carthage Press,closed,2018-01-01,year,,,,,"https://mopress.com/stories/mshsaa-addresses-missouri-press-concerns,39793","""the Press closed in 2018"". The registry still lists this outlet as active.",false
8946913d-ec9a-4053-a074-2a6c37de7f71,Cassville Democrat,sold,2023-01-01,year,,Kyle and Jordan Troutman,,,"https://mopress.com/stories/newspapers-and-their-staff-give-back-more-than-they-get,39425",The Troutmans purchased the Cassville Democrat in early 2023.,false
b3b2be64-7d85-413a-8541-98d78c32e039,Booneville Daily News,sold,2021-01-01,year,Gannett,CherryRoad Media,,,"https://mopress.com/stories/may-2025-notebook,39199","Owned by CherryRoad Media since 2021, purchased from Gannett.",false
,Oregon Times Observer,closed,2024-12-26,day,,,,,"https://mopress.com/stories/january-2025-notebook,31245","Bob Ripley retired and closed the Oregon Times Observer (Holt County) with the Dec. 26, 2024 edition. Not in the registry.",false
d90390dc-2781-4a51-b385-69f88f1173ab,The Independent Courier,correction,,,Independently Owned Newspaper,James W. Johnston,,,"https://mopress.com/stories/new-member-applications-received,39589",A placeholder in the owner field replaced with a name.,false
8b940358-b33b-4d4d-aea0-1c7a8875557d,Martin City Telegraph,correction,,,Ownership information not listed,Kathy Feist Vescovi,,,"https://mopress.com/stories/new-member-applications-received,39589",A placeholder in the owner field replaced with a name.,false
bc744d22-8f70-4bca-9017-7129ebb05a04,Missouri Life,correction,,,Ownership information not listed,Greg and Danita Wood,,,,A placeholder in the owner field replaced with a name.,false
4623ab6b-8e2e-46f9-9d0b-99dc3370e836,StoneCounty.news,correction,,,Crane.news (independent; support@crane.news),Dylan Cox,,,,A placeholder in the owner field replaced with a name.,false
